,avg_utility,avg_nash_product,avg_social_welfare,avg_num_offers,count,agreement,failed,ERROR
HardlinerAgent,0.9896467134,0.34795246140974706,1.3418831496599999,4215.8,5,5,0,0
Group62Agent,0.8332257515075,0.38500144858482543,1.3491520925750002,1915.0,40,40,0,0
TemplateAgent,0.78470887364,0.5009383265944521,1.4484445196200002,1327.0,5,5,0,0
RandomAgent,0.43580035838000003,0.38074561415966973,1.2972741292,2495.0,5,5,0,0
ConcederAgent,0.40996869252,0.40020109130107445,1.38640413708,976.8,5,5,0,0
TimeDependentAgent,0.40268814552,0.3926993250956758,1.3776251759,1479.2,5,5,0,0
LinearAgent,0.39059613142000005,0.3812746838803073,1.36882945012,1494.6,5,5,0,0
StupidAgent,0.37202490654,0.36953326900769234,1.36312026726,2.0,5,5,0,0
BoulwareAgent,0.34197690712,0.3066668172299841,1.20963591176,3329.6,5,5,0,0
