,avg_utility,avg_nash_product,avg_social_welfare,avg_num_offers,count,agreement,failed,ERROR
HardlinerAgent,0.9896467134,0.34795246140974706,1.3418831496599999,3230.6,5,5,0,0
TemplateAgent,0.8849147722799999,0.521951091968442,1.48092442746,1115.4,5,5,0,0
BoulwareAgent,0.8720919022599999,0.4125301263664955,1.3400546084399998,2804.6,5,5,0,0
Group62Agent,0.7646032712150002,0.4057655562023109,1.3668969730699998,1670.55,40,40,0,0
RandomAgent,0.45451651773999996,0.3969373671927038,1.32857782042,2270.6,5,5,0,0
LinearAgent,0.42151577584,0.4074257658358488,1.3883785522,1573.4,5,5,0,0
TimeDependentAgent,0.4150149571,0.3964129829005257,1.33885031308,1457.2,5,5,0,0
ConcederAgent,0.40862406968,0.3933813849370321,1.35338664604,910.6,5,5,0,0
StupidAgent,0.37202490654,0.36953326900769234,1.36312026726,2.0,5,5,0,0
