,avg_utility,avg_nash_product,avg_social_welfare,avg_num_offers,count,agreement,failed,ERROR
HardlinerAgent,0.9896467134,0.34795246140974706,1.3418831496599999,3885.8,5,5,0,0
TemplateAgent,0.8568900101999999,0.532836143149251,1.4837452829000002,1307.8,5,5,0,0
Group62Agent,0.8063682777024999,0.40841558786317844,1.3703952237100003,1846.35,40,40,0,0
BoulwareAgent,0.64053081658,0.46301812412747656,1.35511538244,3219.0,5,5,0,0
RandomAgent,0.4576275356,0.3884211481168961,1.29990542726,2473.4,5,5,0,0
TimeDependentAgent,0.4025807114,0.39304162803653075,1.3803957102999997,1369.6,5,5,0,0
LinearAgent,0.40247807244,0.39228989450495344,1.37606946698,1610.4,5,5,0,0
ConcederAgent,0.3904368019,0.38023203455287946,1.36292710288,902.8,5,5,0,0
StupidAgent,0.37202490654,0.36953326900769234,1.36312026726,2.0,5,5,0,0
