,avg_utility,avg_nash_product,avg_social_welfare,avg_num_offers,count,agreement,failed,ERROR
HardlinerAgent,0.98787670495,0.3556288099172328,1.34729062085,4163.0,2,2,0,0
Group62Agent,0.8961571861062501,0.4474906015824347,1.43412070413125,1317.9375,16,16,0,0
BoulwareAgent,0.58404751235,0.5544730768603825,1.53498710495,2509.0,2,2,0,0
ConcederAgent,0.49237646170000005,0.477391883402275,1.46092448425,212.0,2,2,0,0
LinearAgent,0.47834977040000004,0.4656408687756416,1.4533565781500002,763.0,2,2,0,0
TemplateAgent,0.4683655402,0.45360707964325797,1.43461398015,1171.0,2,2,0,0
TimeDependentAgent,0.4632711905,0.4503326902691018,1.4372550900999999,618.0,2,2,0,0
StupidAgent,0.41970259715,0.41724878450015734,1.4116401863,2.0,2,2,0,0
RandomAgent,0.40971836694999997,0.4056016192914282,1.3928975882999999,1105.5,2,2,0,0
