,avg_utility,avg_nash_product,avg_social_welfare,avg_num_offers,count,agreement,failed,ERROR
HardlinerAgent,0.9896467134,0.34795246140974706,1.3418831496599999,5484.2,5,5,0,0
Group62Agent,0.8684730351300001,0.38327398549070496,1.3560898109075001,2060.55,40,40,0,0
RandomAgent,0.58407409326,0.4459043050169459,1.32997853658,3340.6,5,5,0,0
TimeDependentAgent,0.40866883392000003,0.3994558152349972,1.38841240944,1010.6,5,5,0,0
LinearAgent,0.4085095044,0.39841316590756937,1.3825100622000002,1253.6,5,5,0,0
ConcederAgent,0.40798153394000003,0.3966884493655776,1.37769140272,510.4,5,5,0,0
TemplateAgent,0.40254347066000007,0.39173551699597225,1.37214583516,1597.0,5,5,0,0
StupidAgent,0.37202490654,0.36953326900769234,1.36312026726,2.0,5,5,0,0
BoulwareAgent,0.3274851501,0.31650890098713724,1.29297682424,3286.0,5,5,0,0
