,avg_utility,avg_nash_product,avg_social_welfare,avg_num_offers,count,agreement,failed,ERROR
HardlinerAgent,0.9896467134,0.34795246140974706,1.3418831496599999,1703.8,5,5,0,0
BoulwareAgent,0.9829639225200001,0.3505521157467124,1.34070110604,1682.0,5,5,0,0
TemplateAgent,0.91170723406,0.5062477164086315,1.4678307177599998,699.4,5,5,0,0
RandomAgent,0.6761402217000001,0.48191447646767793,1.4067484510600001,2475.2,5,5,0,0
LinearAgent,0.67402798586,0.4840177127826199,1.38708492994,1059.4,5,5,0,0
Group62Agent,0.6562927959925001,0.41933285121861597,1.3626124315350001,1134.625,40,40,0,0
TimeDependentAgent,0.53588753096,0.40308046715948115,1.2867235335999998,891.4,5,5,0,0
ConcederAgent,0.5081585693,0.4113645907663651,1.30680729696,563.8,5,5,0,0
StupidAgent,0.37202490654,0.36953326900769234,1.36312026726,2.0,5,5,0,0
