,avg_utility,avg_nash_product,avg_social_welfare,avg_num_offers,count,agreement,failed,ERROR
HardlinerAgent,0.98787670495,0.3556288099172328,1.34729062085,4005.0,2,2,0,0
Group62Agent,0.8983238635249998,0.40277629370758966,1.38919973865625,1385.9375,16,16,0,0
ConcederAgent,0.49237646170000005,0.477391883402275,1.46092448425,251.0,2,2,0,0
LinearAgent,0.47834977040000004,0.4656408687756416,1.4533565781500002,881.0,2,2,0,0
TimeDependentAgent,0.4772978818,0.4620837048957352,1.4448229962,708.0,2,2,0,0
StupidAgent,0.41970259715,0.41724878450015734,1.4116401863,2.0,2,2,0,0
RandomAgent,0.41054420825,0.4095298031359476,1.408894629,1409.5,2,2,0,0
BoulwareAgent,0.3304296884,0.3173432475168638,1.29333420725,2652.0,2,2,0,0
TemplateAgent,0.3304296884,0.3173432475168638,1.29333420725,1179.0,2,2,0,0
