,avg_utility,avg_nash_product,avg_social_welfare,avg_num_offers,count,agreement,failed,ERROR
HardlinerAgent,0.98787670495,0.3556288099172328,1.34729062085,3985.0,2,2,0,0
Group62Agent,0.9000801736874999,0.41471619063322607,1.4024784540625,1389.1875,16,16,0,0
LinearAgent,0.47834977040000004,0.4656408687756416,1.4533565781500002,870.0,2,2,0,0
TimeDependentAgent,0.47834977040000004,0.4656408687756416,1.4533565781500002,687.0,2,2,0,0
ConcederAgent,0.4632711905,0.4503326902691018,1.4372550900999999,288.0,2,2,0,0
TemplateAgent,0.45148815425,0.4402926360197409,1.4306967834000002,1122.0,2,2,0,0
StupidAgent,0.41970259715,0.41724878450015734,1.4116401863,2.0,2,2,0,0
RandomAgent,0.40971836694999997,0.4056016192914282,1.3928975882999999,1662.5,2,2,0,0
BoulwareAgent,0.3304296884,0.3173432475168638,1.29333420725,2497.0,2,2,0,0
