,avg_utility,avg_nash_product,avg_social_welfare,avg_num_offers,count,agreement,failed,ERROR
HardlinerAgent,0.9896467134,0.34795246140974706,1.3418831496599999,5372.6,5,5,0,0
Group62Agent,0.87289738889,0.3722148233720946,1.3417228712324998,1980.7,40,40,0,0
RandomAgent,0.4332349455,0.3542599436214776,1.1971868653,3141.4,5,5,0,0
LinearAgent,0.40866883392000003,0.3994558152349972,1.38841240944,1189.4,5,5,0,0
TemplateAgent,0.40866377584,0.3995668377328446,1.38915540532,1499.4,5,5,0,0
ConcederAgent,0.40819138792,0.3977420338871841,1.38342287274,516.8,5,5,0,0
TimeDependentAgent,0.40268814552,0.3926993250956758,1.3776251759,1010.0,5,5,0,0
StupidAgent,0.37202490654,0.36953326900769234,1.36312026726,2.0,5,5,0,0
BoulwareAgent,0.3274851501,0.31650890098713724,1.29297682424,3114.0,5,5,0,0
