,avg_utility,avg_nash_product,avg_social_welfare,avg_num_offers,count,agreement,failed,ERROR
HardlinerAgent,0.9896467134,0.34795246140974706,1.3418831496599999,4491.4,5,5,0,0
Group62Agent,0.8375407142224999,0.3993276412380906,1.3588033661500003,1946.85,40,40,0,0
TemplateAgent,0.63468282988,0.4928605645655956,1.4095715762799998,1434.6,5,5,0,0
RandomAgent,0.59610598554,0.4728529249968073,1.3870931231199999,2743.0,5,5,0,0
TimeDependentAgent,0.40866883392000003,0.3994558152349972,1.38841240944,1290.0,5,5,0,0
ConcederAgent,0.40399395112,0.394368735694309,1.3815396457800002,880.0,5,5,0,0
LinearAgent,0.40268814552,0.3926993250956758,1.3776251759,1576.0,5,5,0,0
StupidAgent,0.37202490654,0.36953326900769234,1.36312026726,2.0,5,5,0,0
BoulwareAgent,0.36228984950000004,0.3248980338999006,1.2211815817599998,3157.8,5,5,0,0
