,avg_utility,avg_nash_product,avg_social_welfare,avg_num_offers,count,agreement,failed,ERROR
HardlinerAgent,0.9896467134,0.34795246140974706,1.3418831496599999,6065.8,5,5,0,0
Group62Agent,0.851802865845,0.36572443458528137,1.3181425546799999,2303.3,40,39,1,0
RandomAgent,0.5521886673,0.43913993811453134,1.35099645694,3574.2,5,5,0,0
LinearAgent,0.40871957748000004,0.39882259649829177,1.3840657711200002,1443.8,5,5,0,0
TimeDependentAgent,0.40871957748000004,0.39882259649829177,1.3840657711200002,1222.6,5,5,0,0
ConcederAgent,0.40798153394000003,0.3966884493655776,1.37769140272,665.2,5,5,0,0
TemplateAgent,0.39188769742000007,0.38330427322786836,1.3736508922,1855.4,5,5,0,0
StupidAgent,0.37202490654,0.36953326900769234,1.36312026726,2.0,5,5,0,0
BoulwareAgent,0.19954883712000002,0.1915318925602502,0.9696667264199998,3597.4,5,4,1,0
