,avg_utility,avg_nash_product,avg_social_welfare,avg_num_offers,count,agreement,failed,ERROR
HardlinerAgent,0.98787670495,0.3556288099172328,1.34729062085,4165.0,2,2,0,0
Group62Agent,0.8666508584124999,0.4254514916043519,1.4040302857562499,1428.6875,16,16,0,0
RandomAgent,0.66375781515,0.469692958184441,1.39118602905,1876.5,2,2,0,0
LinearAgent,0.47834977040000004,0.4656408687756416,1.4533565781500002,858.0,2,2,0,0
TemplateAgent,0.47834977040000004,0.4656408687756416,1.4533565781500002,1132.0,2,2,0,0
ConcederAgent,0.4772978818,0.4620837048957352,1.4448229962,288.0,2,2,0,0
TimeDependentAgent,0.4632711905,0.4503326902691018,1.4372550900999999,691.0,2,2,0,0
StupidAgent,0.41970259715,0.41724878450015734,1.4116401863,2.0,2,2,0,0
BoulwareAgent,0.3304296884,0.3173432475168638,1.29333420725,2417.0,2,2,0,0
