,avg_utility,avg_nash_product,avg_social_welfare,avg_num_offers,count,agreement,failed,ERROR
HardlinerAgent,0.9896467134,0.34795246140974706,1.3418831496599999,5283.4,5,5,0,0
Group62Agent,0.869049472505,0.3684147943619429,1.3392340541925,2056.675,40,40,0,0
RandomAgent,0.52372447898,0.4030622180611326,1.26486275806,3138.6,5,5,0,0
TimeDependentAgent,0.40871957748000004,0.39882259649829177,1.3840657711200002,1159.6,5,5,0,0
LinearAgent,0.40237085742000006,0.3919880435149242,1.37466424028,1340.8,5,5,0,0
ConcederAgent,0.39195268058000005,0.382310875742235,1.3683972816799999,785.2,5,5,0,0
StupidAgent,0.37202490654,0.36953326900769234,1.36312026726,2.0,5,5,0,0
TemplateAgent,0.34949574304000003,0.34024778922933346,1.32514645696,1501.0,5,5,0,0
BoulwareAgent,0.32354169606000005,0.3134011014321862,1.29173250852,3242.8,5,5,0,0
