,avg_utility,avg_nash_product,avg_social_welfare,avg_num_offers,count,agreement,failed,ERROR
HardlinerAgent,0.98787670495,0.3556288099172328,1.34729062085,4676.0,2,2,0,0
Group62Agent,0.8972473152124998,0.4225794462656629,1.4085245977937502,1621.875,16,16,0,0
ConcederAgent,0.49237646170000005,0.477391883402275,1.46092448425,449.0,2,2,0,0
LinearAgent,0.47834977040000004,0.4656408687756416,1.4533565781500002,1193.0,2,2,0,0
TimeDependentAgent,0.4632711905,0.4503326902691018,1.4372550900999999,899.0,2,2,0,0
BoulwareAgent,0.45328696030000004,0.4382989011367182,1.4185124921,3496.5,2,2,0,0
RandomAgent,0.44656421329999996,0.44259701725605805,1.4342999810500001,814.5,2,2,0,0
StupidAgent,0.41970259715,0.41724878450015734,1.4116401863,2.0,2,2,0,0
TemplateAgent,0.34879036235000005,0.33349661486811855,1.30491734955,1445.0,2,2,0,0
