,avg_utility,avg_nash_product,avg_social_welfare,avg_num_offers,count,agreement,failed,ERROR
HardlinerAgent,0.9896467134,0.34795246140974706,1.3418831496599999,5316.2,5,5,0,0
Group62Agent,0.8704419547950002,0.39274287421641796,1.36930418071,2046.175,40,40,0,0
RandomAgent,0.59649696158,0.4394329305599376,1.32788862532,3115.8,5,5,0,0
TimeDependentAgent,0.40871957748000004,0.39882259649829177,1.3840657711200002,1155.8,5,5,0,0
LinearAgent,0.40866883392000003,0.3994558152349972,1.38841240944,1385.8,5,5,0,0
TemplateAgent,0.40866377584,0.3995668377328446,1.38915540532,1477.4,5,5,0,0
ConcederAgent,0.40398889304,0.39447975819215647,1.3822826416600003,720.8,5,5,0,0
BoulwareAgent,0.40268814552,0.3926993250956758,1.3776251759,3195.6,5,5,0,0
StupidAgent,0.37202490654,0.36953326900769234,1.36312026726,2.0,5,5,0,0
