,avg_utility,avg_nash_product,avg_social_welfare,avg_num_offers,count,agreement,failed,ERROR
HardlinerAgent,0.98787670495,0.3556288099172328,1.34729062085,4144.0,2,2,0,0
Group62Agent,0.8717745751874998,0.38947972510018913,1.352569387075,1424.3125,16,16,0,0
TimeDependentAgent,0.49237646170000005,0.477391883402275,1.46092448425,595.0,2,2,0,0
ConcederAgent,0.4632711905,0.4503326902691018,1.4372550900999999,217.0,2,2,0,0
LinearAgent,0.4632711905,0.4503326902691018,1.4372550900999999,801.0,2,2,0,0
StupidAgent,0.41970259715,0.41724878450015734,1.4116401863,2.0,2,2,0,0
RandomAgent,0.3689852037,0.34225023654230036,1.1582638085,1928.5,2,2,0,0
TemplateAgent,0.3304296884,0.3173432475168638,1.29333420725,1137.0,2,2,0,0
BoulwareAgent,0.32044545820000003,0.3053094583844802,1.2745916092499998,2570.0,2,2,0,0
