,avg_utility,avg_nash_product,avg_social_welfare,avg_num_offers,count,agreement,failed,ERROR
HardlinerAgent,0.9896467134,0.34795246140974706,1.3418831496599999,4854.2,5,5,0,0
Group62Agent,0.84178729642,0.3757273027814113,1.3246163131500004,2064.525,40,39,1,0
RandomAgent,0.47328486661999997,0.4026511578282392,1.3246621485799999,2925.8,5,5,0,0
TemplateAgent,0.42265102242,0.41045388691233703,1.3959041133599999,1493.0,5,5,0,0
ConcederAgent,0.41427951044,0.40415622108565047,1.3914395718800001,973.6,5,5,0,0
TimeDependentAgent,0.40263740196000003,0.39333254383238125,1.38197181422,1359.2,5,5,0,0
LinearAgent,0.40247807244,0.39228989450495344,1.37606946698,1593.6,5,5,0,0
BoulwareAgent,0.38562964002,0.2854489876702893,1.02187997326,3314.8,5,4,1,0
StupidAgent,0.37202490654,0.36953326900769234,1.36312026726,2.0,5,5,0,0
