,avg_utility,avg_nash_product,avg_social_welfare,avg_num_offers,count,agreement,failed,ERROR
HardlinerAgent,0.9896467134,0.34795246140974706,1.3418831496599999,5258.6,5,5,0,0
Group62Agent,0.8433405751124999,0.38069961839897526,1.3336741995825,1936.75,40,39,1,0
RandomAgent,0.65152096356,0.4667470877135706,1.3778274773799999,3073.4,5,5,0,0
ConcederAgent,0.40871957748000004,0.39882259649829177,1.3840657711200002,508.2,5,5,0,0
LinearAgent,0.4085095044,0.39841316590756937,1.3825100622000002,1140.6,5,5,0,0
TimeDependentAgent,0.40268814552,0.3926993250956758,1.3776251759,949.2,5,5,0,0
TemplateAgent,0.3983832746,0.3896683298436556,1.3785124833400002,1467.0,5,5,0,0
StupidAgent,0.37202490654,0.36953326900769234,1.36312026726,2.0,5,5,0,0
BoulwareAgent,0.29117591026,0.28176071171559897,1.0638492098,3095.0,5,4,1,0
