,avg_utility,avg_nash_product,avg_social_welfare,avg_num_offers,count,agreement,failed,ERROR
HardlinerAgent,0.98787670495,0.3556288099172328,1.34729062085,4832.0,2,2,0,0
Group62Agent,0.8975360497624998,0.4185732480546068,1.4045699764125001,1577.3125,16,16,0,0
ConcederAgent,0.49237646170000005,0.477391883402275,1.46092448425,353.0,2,2,0,0
LinearAgent,0.47834977040000004,0.4656408687756416,1.4533565781500002,1031.0,2,2,0,0
TemplateAgent,0.47834977040000004,0.4656408687756416,1.4533565781500002,1319.0,2,2,0,0
TimeDependentAgent,0.4632711905,0.4503326902691018,1.4372550900999999,789.0,2,2,0,0
StupidAgent,0.41970259715,0.41724878450015734,1.4116401863,2.0,2,2,0,0
RandomAgent,0.4158994599,0.4113926204123236,1.39814466425,1181.5,2,2,0,0
BoulwareAgent,0.32044545820000003,0.3053094583844802,1.2745916092499998,3111.0,2,2,0,0
