,avg_utility,avg_nash_product,avg_social_welfare,avg_num_offers,count,agreement,failed,ERROR
HardlinerAgent,0.98787670495,0.3556288099172328,1.34729062085,4265.0,2,2,0,0
Group62Agent,0.8641876603437499,0.4187811990641416,1.39303030981875,1465.5,16,16,0,0
RandomAgent,0.6205264023,0.4436725855016816,1.3380303076,1935.5,2,2,0,0
TimeDependentAgent,0.47834977040000004,0.4656408687756416,1.4533565781500002,671.5,2,2,0,0
ConcederAgent,0.4772978818,0.4620837048957352,1.4448229962,243.0,2,2,0,0
LinearAgent,0.4632711905,0.4503326902691018,1.4372550900999999,877.0,2,2,0,0
TemplateAgent,0.4632711905,0.4503326902691018,1.4372550900999999,1149.0,2,2,0,0
StupidAgent,0.41970259715,0.41724878450015734,1.4116401863,2.0,2,2,0,0
BoulwareAgent,0.32044545820000003,0.3053094583844802,1.2745916092499998,2581.0,2,2,0,0
