,avg_utility,avg_nash_product,avg_social_welfare,avg_num_offers,count,agreement,failed,ERROR
HardlinerAgent,0.9896467134,0.34795246140974706,1.3418831496599999,1411.8,5,5,0,0
BoulwareAgent,0.98401662166,0.3741324367483766,1.3643346808199999,1400.2,5,5,0,0
TemplateAgent,0.9007457519200001,0.47747625658420184,1.43825605842,576.2,5,5,0,0
LinearAgent,0.71841134786,0.43150001294005147,1.29334886052,896.2,5,5,0,0
RandomAgent,0.67619510096,0.3647225929729549,1.2432792116600002,1582.8,5,5,0,0
Group62Agent,0.6189270822725002,0.40605861809550625,1.3392484554750002,926.625,40,40,0,0
TimeDependentAgent,0.60052724236,0.4501736282379012,1.3358938767200002,950.4,5,5,0,0
ConcederAgent,0.5210033009200001,0.43297828686312484,1.33387153874,593.4,5,5,0,0
StupidAgent,0.37202490654,0.36953326900769234,1.36312026726,2.0,5,5,0,0
