,avg_utility,avg_nash_product,avg_social_welfare,avg_num_offers,count,agreement,failed,ERROR
HardlinerAgent,0.9896467134,0.34795246140974706,1.3418831496599999,5015.4,5,5,0,0
Group62Agent,0.8797061883975001,0.3855610108417869,1.3644108517949998,1931.075,40,40,0,0
RandomAgent,0.48419615078000006,0.3970612659621312,1.33496349788,2551.8,5,5,0,0
BoulwareAgent,0.41568867628,0.3972150633806554,1.37053277554,3081.8,5,5,0,0
TimeDependentAgent,0.41299957748000005,0.39945412841624195,1.37684777112,1235.6,5,5,0,0
LinearAgent,0.40857490262,0.3978587883985882,1.37858643038,1416.2,5,5,0,0
TemplateAgent,0.39824882858,0.3900712391649838,1.3818429482799999,1453.4,5,5,0,0
ConcederAgent,0.3962575515,0.38534187099425515,1.3675099742400003,692.4,5,5,0,0
StupidAgent,0.37202490654,0.36953326900769234,1.36312026726,2.0,5,5,0,0
