,avg_utility,avg_nash_product,avg_social_welfare,avg_num_offers,count,agreement,failed,ERROR
HardlinerAgent,0.9896467134,0.34795246140974706,1.3418831496599999,5049.8,5,5,0,0
Group62Agent,0.8818441498950002,0.3795378578573154,1.35874309782,1835.675,40,40,0,0
RandomAgent,0.51651033678,0.4318934418150164,1.3601047397600001,2511.8,5,5,0,0
TemplateAgent,0.40866377584,0.3995668377328446,1.38915540532,1449.0,5,5,0,0
LinearAgent,0.40857490262,0.3978587883985882,1.37858643038,1167.2,5,5,0,0
TimeDependentAgent,0.40263740196000003,0.39333254383238125,1.38197181422,968.8,5,5,0,0
ConcederAgent,0.38565470407999997,0.3748431040221621,1.3546491125200002,515.2,5,5,0,0
StupidAgent,0.37202490654,0.36953326900769234,1.36312026726,2.0,5,5,0,0
BoulwareAgent,0.33147884218,0.32132241664009065,1.3004738634400002,3021.6,5,5,0,0
