,avg_utility,avg_nash_product,avg_social_welfare,avg_num_offers,count,agreement,failed,ERROR
HardlinerAgent,0.9896467134,0.34795246140974706,1.3418831496599999,2053.6,5,5,0,0
BoulwareAgent,0.9786839225199999,0.3606478612455303,1.34791910604,1984.0,5,5,0,0
TemplateAgent,0.92567357162,0.4658762527728328,1.43953513084,924.6,5,5,0,0
Group62Agent,0.661520939905,0.4084802549060246,1.349865313715,1276.675,40,40,0,0
RandomAgent,0.6509712883399998,0.4720069801652575,1.38768979764,2246.6,5,5,0,0
TimeDependentAgent,0.64321772198,0.4895002473880359,1.40686810158,999.4,5,5,0,0
LinearAgent,0.48429027577999995,0.3742420469890057,1.2624380838599998,1335.4,5,5,0,0
ConcederAgent,0.46224659030000004,0.3880829202700947,1.2494688728400003,667.8,5,5,0,0
StupidAgent,0.37202490654,0.36953326900769234,1.36312026726,2.0,5,5,0,0
