,avg_utility,avg_nash_product,avg_social_welfare,avg_num_offers,count,agreement,failed,ERROR
HardlinerAgent,0.98787670495,0.3556288099172328,1.34729062085,4067.0,2,2,0,0
Group62Agent,0.86806110931875,0.42467171547157817,1.40383051115,1404.9375,16,16,0,0
RandomAgent,0.67594042115,0.49079671676117453,1.42443191825,1929.5,2,2,0,0
ConcederAgent,0.4772978818,0.4620837048957352,1.4448229962,182.0,2,2,0,0
TemplateAgent,0.4683655402,0.45360707964325797,1.43461398015,1175.0,2,2,0,0
LinearAgent,0.4632711905,0.4503326902691018,1.4372550900999999,738.0,2,2,0,0
TimeDependentAgent,0.4632711905,0.4503326902691018,1.4372550900999999,608.0,2,2,0,0
StupidAgent,0.41970259715,0.41724878450015734,1.4116401863,2.0,2,2,0,0
BoulwareAgent,0.3304296884,0.3173432475168638,1.29333420725,2538.0,2,2,0,0
