,avg_utility,avg_nash_product,avg_social_welfare,avg_num_offers,count,agreement,failed,ERROR
HardlinerAgent,0.9896467134,0.34795246140974706,1.3418831496599999,2513.4,5,5,0,0
BoulwareAgent,0.9209809593400001,0.45406974418671364,1.41465131538,2315.2,5,5,0,0
TemplateAgent,0.86200017662,0.455136909979805,1.39599615332,1183.4,5,5,0,0
Group62Agent,0.7123641727975001,0.42166068531517886,1.36837966276,1385.4,40,40,0,0
TimeDependentAgent,0.5636282148999999,0.484282666444258,1.4152750818800002,917.4,5,5,0,0
RandomAgent,0.553572097,0.39178351088511804,1.29495282912,2237.4,5,5,0,0
LinearAgent,0.5244760687000001,0.4469905953039512,1.3844058634,1278.8,5,5,0,0
ConcederAgent,0.46179478319999995,0.4235363253041462,1.3367526420599998,635.6,5,5,0,0
StupidAgent,0.37202490654,0.36953326900769234,1.36312026726,2.0,5,5,0,0
