,avg_utility,avg_nash_product,avg_social_welfare,avg_num_offers,count,agreement,failed,ERROR
HardlinerAgent,0.98787670495,0.3556288099172328,1.34729062085,4061.0,2,2,0,0
Group62Agent,0.8912957401624999,0.42851045316395564,1.4110370612937502,1407.1875,16,16,0,0
RandomAgent,0.49354769425,0.46710545752809773,1.4235708392,1916.5,2,2,0,0
ConcederAgent,0.49237646170000005,0.477391883402275,1.46092448425,210.0,2,2,0,0
LinearAgent,0.47834977040000004,0.4656408687756416,1.4533565781500002,791.0,2,2,0,0
TemplateAgent,0.47834977040000004,0.4656408687756416,1.4533565781500002,1158.0,2,2,0,0
TimeDependentAgent,0.4772978818,0.4620837048957352,1.4448229962,584.0,2,2,0,0
StupidAgent,0.41970259715,0.41724878450015734,1.4116401863,2.0,2,2,0,0
BoulwareAgent,0.3304296884,0.3173432475168638,1.29333420725,2535.0,2,2,0,0
