,avg_utility,avg_nash_product,avg_social_welfare,avg_num_offers,count,agreement,failed,ERROR
HardlinerAgent,0.9896467134,0.34795246140974706,1.3418831496599999,3811.0,5,5,0,0
TemplateAgent,0.87943535876,0.5051266398441516,1.4599841365800001,1318.6,5,5,0,0
Group62Agent,0.7941803089275,0.40269683281492885,1.3586000520975001,1832.05,40,40,0,0
BoulwareAgent,0.62670764148,0.4439532959832001,1.3323537771200002,3096.0,5,5,0,0
RandomAgent,0.4452755231,0.3907452758007466,1.29259474228,2590.2,5,5,0,0
TimeDependentAgent,0.40871957748000004,0.39882259649829177,1.3840657711200002,1383.2,5,5,0,0
LinearAgent,0.40337284862,0.3855893056472564,1.3293825554199998,1549.0,5,5,0,0
ConcederAgent,0.39017537598,0.3798518183283447,1.3654160173399998,906.4,5,5,0,0
StupidAgent,0.37202490654,0.36953326900769234,1.36312026726,2.0,5,5,0,0
