,avg_utility,avg_nash_product,avg_social_welfare,avg_num_offers,count,agreement,failed,ERROR
HardlinerAgent,0.9896467134,0.34795246140974706,1.3418831496599999,5106.2,5,5,0,0
Group62Agent,0.8514484146375001,0.37008308441355603,1.3186123840775,1893.125,40,39,1,0
TemplateAgent,0.45686501932,0.43819380250034545,1.41481001822,1451.0,5,5,0,0
RandomAgent,0.45337890258,0.4068906975082801,1.3588910291,2285.0,5,5,0,0
ConcederAgent,0.418610254,0.4041545342668952,1.3798749335600002,699.4,5,5,0,0
TimeDependentAgent,0.40698134786000006,0.3918137348960823,1.3605763630399998,1160.2,5,5,0,0
StupidAgent,0.37202490654,0.36953326900769234,1.36312026726,2.0,5,5,0,0
LinearAgent,0.34956474701999996,0.33798642587723693,1.3102260098999998,1383.2,5,5,0,0
BoulwareAgent,0.2902398648,0.264139749842169,1.0195173018800001,3058.0,5,4,1,0
