,avg_utility,avg_nash_product,avg_social_welfare,avg_num_offers,count,agreement,failed,ERROR
HardlinerAgent,0.98787670495,0.3556288099172328,1.34729062085,4504.0,2,2,0,0
Group62Agent,0.8974754087374998,0.3922300964875389,1.3775038489062503,1470.8125,16,16,0,0
ConcederAgent,0.4772978818,0.4620837048957352,1.4448229962,246.0,2,2,0,0
LinearAgent,0.4632711905,0.4503326902691018,1.4372550900999999,950.0,2,2,0,0
TimeDependentAgent,0.4632711905,0.4503326902691018,1.4372550900999999,780.0,2,2,0,0
StupidAgent,0.41970259715,0.41724878450015734,1.4116401863,2.0,2,2,0,0
RandomAgent,0.40971836694999997,0.4056016192914282,1.3928975882999999,1475.5,2,2,0,0
BoulwareAgent,0.32044545820000003,0.3053094583844802,1.2745916092499998,2512.0,2,2,0,0
TemplateAgent,0.2986441313,0.2913030143730741,1.27427761015,1297.0,2,2,0,0
