,avg_utility,avg_nash_product,avg_social_welfare,avg_num_offers,count,agreement,failed,ERROR
HardlinerAgent,0.9896467134,0.34795246140974706,1.3418831496599999,5304.6,5,5,0,0
Group62Agent,0.8529781028400001,0.37943576452023475,1.3338718441100004,2040.15,40,39,1,0
RandomAgent,0.56136608452,0.44262998078119004,1.3645179555199998,3092.6,5,5,0,0
TimeDependentAgent,0.40866883392000003,0.3994558152349972,1.38841240944,1183.2,5,5,0,0
LinearAgent,0.4085095044,0.39841316590756937,1.3825100622000002,1327.2,5,5,0,0
TemplateAgent,0.40268814552,0.3926993250956758,1.3776251759,1454.6,5,5,0,0
ConcederAgent,0.38576191909999996,0.3751449550121913,1.3560543392200002,797.2,5,5,0,0
StupidAgent,0.37202490654,0.36953326900769234,1.36312026726,2.0,5,5,0,0
BoulwareAgent,0.31848382276000003,0.3096571437128143,1.0968513936800002,3159.8,5,4,1,0
