,avg_utility,avg_nash_product,avg_social_welfare,avg_num_offers,count,agreement,failed,ERROR
HardlinerAgent,0.9896467134,0.34795246140974706,1.3418831496599999,3773.4,5,5,0,0
TemplateAgent,0.8836230778999999,0.5192457660623273,1.47835048782,1365.0,5,5,0,0
Group62Agent,0.7855250703925,0.40153038341180264,1.3629942376625004,1809.8,40,40,0,0
BoulwareAgent,0.77668983636,0.4473597621856453,1.37875637022,3195.8,5,5,0,0
ConcederAgent,0.4100253830800001,0.40049200709692495,1.387980241,967.0,5,5,0,0
LinearAgent,0.40337284862,0.3855893056472564,1.3293825554199998,1719.0,5,5,0,0
TimeDependentAgent,0.40268814552,0.3926993250956758,1.3776251759,1498.0,5,5,0,0
RandomAgent,0.38168242673999997,0.34937117078915136,1.2468556540200002,1958.2,5,5,0,0
StupidAgent,0.37202490654,0.36953326900769234,1.36312026726,2.0,5,5,0,0
