,avg_utility,avg_nash_product,avg_social_welfare,avg_num_offers,count,agreement,failed,ERROR
HardlinerAgent,0.9896467134,0.34795246140974706,1.3418831496599999,5367.0,5,5,0,0
Group62Agent,0.8760836213475004,0.3800433612931417,1.350268129835,2063.175,40,40,0,0
ConcederAgent,0.41418557914000004,0.4025591942492415,1.3816135928200002,706.4,5,5,0,0
RandomAgent,0.41178842248,0.3519119465812278,1.1961868369800002,3120.6,5,5,0,0
BoulwareAgent,0.40268814552,0.3926993250956758,1.3776251759,3198.8,5,5,0,0
LinearAgent,0.40263740196000003,0.39333254383238125,1.38197181422,1399.2,5,5,0,0
TimeDependentAgent,0.40263740196000003,0.39333254383238125,1.38197181422,1226.0,5,5,0,0
TemplateAgent,0.3978674969,0.3890256063367864,1.3777723876199999,1485.4,5,5,0,0
StupidAgent,0.37202490654,0.36953326900769234,1.36312026726,2.0,5,5,0,0
