,avg_utility,avg_nash_product,avg_social_welfare,avg_num_offers,count,agreement,failed,ERROR
HardlinerAgent,0.98787670495,0.3556288099172328,1.34729062085,3940.0,2,2,0,0
Group62Agent,0.8739352295499998,0.43062135585549444,1.4138064065375002,1456.1875,16,16,0,0
RandomAgent,0.7138489721,0.5416682292066608,1.5015979714,1893.5,2,2,0,0
ConcederAgent,0.4772978818,0.4620837048957352,1.4448229962,293.0,2,2,0,0
LinearAgent,0.4632711905,0.4503326902691018,1.4372550900999999,932.0,2,2,0,0
TemplateAgent,0.4632711905,0.4503326902691018,1.4372550900999999,1187.0,2,2,0,0
TimeDependentAgent,0.4632711905,0.4503326902691018,1.4372550900999999,769.0,2,2,0,0
StupidAgent,0.41970259715,0.41724878450015734,1.4116401863,2.0,2,2,0,0
BoulwareAgent,0.3304296884,0.3173432475168638,1.29333420725,2633.0,2,2,0,0
