,avg_utility,avg_nash_product,avg_social_welfare,avg_num_offers,count,agreement,failed,ERROR
HardlinerAgent,0.9896467134,0.34795246140974706,1.3418831496599999,5733.0,5,5,0,0
Group62Agent,0.8820421704775001,0.390550537609753,1.3721507379975002,2107.025,40,40,0,0
RandomAgent,0.53863888138,0.43483363460139823,1.3674374777799998,2289.0,5,5,0,0
TimeDependentAgent,0.40861214336000007,0.3991648994391467,1.38683630552,1308.0,5,5,0,0
ConcederAgent,0.40819138792,0.3977420338871841,1.38342287274,844.0,5,5,0,0
BoulwareAgent,0.40268814552,0.3926993250956758,1.3776251759,3500.4,5,5,0,0
LinearAgent,0.40268814552,0.3926993250956758,1.3776251759,1560.4,5,5,0,0
TemplateAgent,0.39837821652,0.38977935234150307,1.37925547922,1619.4,5,5,0,0
StupidAgent,0.37202490654,0.36953326900769234,1.36312026726,2.0,5,5,0,0
