,avg_utility,avg_nash_product,avg_social_welfare,avg_num_offers,count,agreement,failed,ERROR
HardlinerAgent,0.98787670495,0.3556288099172328,1.34729062085,4149.0,2,2,0,0
Group62Agent,0.8871063930749999,0.4531516856210023,1.4348856520125002,1401.6875,16,16,0,0
TemplateAgent,0.58404751235,0.5544730768603825,1.53498710495,1157.0,2,2,0,0
BoulwareAgent,0.56947692245,0.5289348902390761,1.5006450379,2508.0,2,2,0,0
TimeDependentAgent,0.47834977040000004,0.4656408687756416,1.4533565781500002,604.0,2,2,0,0
ConcederAgent,0.4632711905,0.4503326902691018,1.4372550900999999,227.0,2,2,0,0
LinearAgent,0.4632711905,0.4503326902691018,1.4372550900999999,814.0,2,2,0,0
StupidAgent,0.41970259715,0.41724878450015734,1.4116401863,2.0,2,2,0,0
RandomAgent,0.4162381832,0.4026216741373241,1.35665550775,1752.5,2,2,0,0
