,avg_utility,avg_nash_product,avg_social_welfare,avg_num_offers,count,agreement,failed,ERROR
HardlinerAgent,0.9896467134,0.34795246140974706,1.3418831496599999,3477.0,5,5,0,0
BoulwareAgent,0.7784130621800001,0.4695441233498931,1.39010650614,2998.2,5,5,0,0
Group62Agent,0.7422763391625,0.38887339729658255,1.2891012417900003,1745.65,40,38,2,0
TemplateAgent,0.5101115864800001,0.3381374295677288,0.9086621184999999,880.2,5,3,2,0
RandomAgent,0.4634922719,0.40225279183168705,1.3240544055,2544.6,5,5,0,0
LinearAgent,0.4364914428400001,0.3954415432555136,1.31031002354,1616.0,5,5,0,0
ConcederAgent,0.4150149571,0.3964129829005257,1.33885031308,903.0,5,5,0,0
TimeDependentAgent,0.40940428058,0.39171257704987233,1.33582315064,1544.2,5,5,0,0
StupidAgent,0.37202490654,0.36953326900769234,1.36312026726,2.0,5,5,0,0
