,avg_utility,avg_nash_product,avg_social_welfare,avg_num_offers,count,agreement,failed,ERROR
HardlinerAgent,0.98787670495,0.3556288099172328,1.34729062085,3793.0,2,2,0,0
Group62Agent,0.8663617981625,0.42374469385009395,1.4049709037687501,1362.0625,16,16,0,0
RandomAgent,0.7004568574,0.48138680890627805,1.4213707679,1805.5,2,2,0,0
ConcederAgent,0.49237646170000005,0.477391883402275,1.46092448425,241.0,2,2,0,0
TimeDependentAgent,0.47834977040000004,0.4656408687756416,1.4533565781500002,640.0,2,2,0,0
LinearAgent,0.4632711905,0.4503326902691018,1.4372550900999999,849.0,2,2,0,0
TemplateAgent,0.43640957435000005,0.424984457513201,1.4145952953499998,1110.0,2,2,0,0
StupidAgent,0.41970259715,0.41724878450015734,1.4116401863,2.0,2,2,0,0
BoulwareAgent,0.3304296884,0.3173432475168638,1.29333420725,2456.0,2,2,0,0
