,avg_utility,avg_nash_product,avg_social_welfare,avg_num_offers,count,agreement,failed,ERROR
HardlinerAgent,0.9896467134,0.34795246140974706,1.3418831496599999,5318.6,5,5,0,0
Group62Agent,0.8806667023449999,0.3723435282796604,1.35035956259,1893.475,40,40,0,0
RandomAgent,0.4752376616999999,0.39067584076542916,1.3063563427399998,2634.6,5,5,0,0
LinearAgent,0.40263234388,0.39344356633022864,1.3827148101,1191.2,5,5,0,0
TimeDependentAgent,0.40237085742000006,0.3919880435149242,1.37466424028,960.0,5,5,0,0
ConcederAgent,0.3962575515,0.38534187099425515,1.3675099742400003,472.4,5,5,0,0
TemplateAgent,0.39188769742000007,0.38330427322786836,1.3736508922,1530.2,5,5,0,0
StupidAgent,0.37202490654,0.36953326900769234,1.36312026726,2.0,5,5,0,0
BoulwareAgent,0.3274851501,0.31650890098713724,1.29297682424,3038.8,5,5,0,0
