,avg_utility,avg_nash_product,avg_social_welfare,avg_num_offers,count,agreement,failed,ERROR
HardlinerAgent,0.9896467134,0.34795246140974706,1.3418831496599999,5382.6,5,5,0,0
Group62Agent,0.8814815586449999,0.37652082899689704,1.3550219308574998,1939.4,40,40,0,0
RandomAgent,0.48323078926,0.399292268969356,1.3093607287400002,2692.2,5,5,0,0
ConcederAgent,0.40398889304,0.39447975819215647,1.3822826416600003,523.2,5,5,0,0
LinearAgent,0.40268814552,0.3926993250956758,1.3776251759,1208.0,5,5,0,0
TemplateAgent,0.40263234388,0.39344356633022864,1.3827148101,1548.6,5,5,0,0
TimeDependentAgent,0.40263234388,0.39344356633022864,1.3827148101,1014.6,5,5,0,0
StupidAgent,0.37202490654,0.36953326900769234,1.36312026726,2.0,5,5,0,0
BoulwareAgent,0.33147884218,0.32132241664009065,1.3004738634400002,3144.0,5,5,0,0
