,avg_utility,avg_nash_product,avg_social_welfare,avg_num_offers,count,agreement,failed,ERROR
HardlinerAgent,0.9896467134,0.34795246140974706,1.3418831496599999,3137.8,5,5,0,0
TemplateAgent,0.8912093282200001,0.4991828487121843,1.45812246212,1119.4,5,5,0,0
BoulwareAgent,0.8780166853600001,0.40573369246949065,1.33832425804,2774.2,5,5,0,0
Group62Agent,0.7450687291775001,0.3940932132422169,1.3410862554375005,1639.25,40,40,0,0
LinearAgent,0.47312185510000004,0.43411107254841863,1.36581599108,1545.4,5,5,0,0
TimeDependentAgent,0.43686670118000004,0.4065613618229341,1.3479746340600003,1403.2,5,5,0,0
ConcederAgent,0.40898352514,0.39028971149790975,1.3324097178599998,917.0,5,5,0,0
StupidAgent,0.37202490654,0.36953326900769234,1.36312026726,2.0,5,5,0,0
RandomAgent,0.31827049514,0.2993812884693584,1.18103956342,2215.0,5,5,0,0
