,avg_utility,avg_nash_product,avg_social_welfare,avg_num_offers,count,agreement,failed,ERROR
HardlinerAgent,0.9896467134,0.34795246140974706,1.3418831496599999,5239.8,5,5,0,0
Group62Agent,0.8680869313524999,0.3780734907128707,1.3558751341725,1930.6,40,40,0,0
RandomAgent,0.66066073756,0.47659077057689847,1.39240044386,3093.4,5,5,0,0
TimeDependentAgent,0.40866883392000003,0.3994558152349972,1.38841240944,912.8,5,5,0,0
LinearAgent,0.40840228938,0.39811131491754015,1.3811048355,1200.8,5,5,0,0
ConcederAgent,0.40824807848000005,0.3980329496830346,1.38499897666,457.4,5,5,0,0
StupidAgent,0.37202490654,0.36953326900769234,1.36312026726,2.0,5,5,0,0
BoulwareAgent,0.3274851501,0.31650890098713724,1.29297682424,3060.0,5,5,0,0
TemplateAgent,0.32716891317999997,0.318402443885918,1.30210416676,1478.6,5,5,0,0
