,avg_utility,avg_nash_product,avg_social_welfare,avg_num_offers,count,agreement,failed,ERROR
HardlinerAgent,0.98787670495,0.3556288099172328,1.34729062085,3868.0,2,2,0,0
Group62Agent,0.88708762338125,0.43445631762135134,1.4139382828312501,1303.6875,16,16,0,0
BoulwareAgent,0.51035420615,0.4760346247526213,1.4241924295000001,2433.5,2,2,0,0
TemplateAgent,0.49505674759999996,0.4720769953190589,1.4563116872,1123.0,2,2,0,0
ConcederAgent,0.49237646170000005,0.477391883402275,1.46092448425,204.0,2,2,0,0
LinearAgent,0.47834977040000004,0.4656408687756416,1.4533565781500002,792.5,2,2,0,0
TimeDependentAgent,0.4632711905,0.4503326902691018,1.4372550900999999,555.0,2,2,0,0
StupidAgent,0.41970259715,0.41724878450015734,1.4116401863,2.0,2,2,0,0
RandomAgent,0.36781759715,0.36129588403472135,1.3205351862999999,1451.5,2,2,0,0
