,avg_utility,avg_nash_product,avg_social_welfare,avg_num_offers,count,agreement,failed,ERROR
HardlinerAgent,0.9896467134,0.34795246140974706,1.3418831496599999,5273.8,5,5,0,0
Group62Agent,0.8578480102650001,0.3842730510451825,1.3426889574224998,1910.75,40,39,1,0
RandomAgent,0.55081344264,0.43778111987673957,1.37967670178,2933.4,5,5,0,0
ConcederAgent,0.41433025400000006,0.40352300234894506,1.3870929335600004,516.2,5,5,0,0
TimeDependentAgent,0.40866883392000003,0.3994558152349972,1.38841240944,938.8,5,5,0,0
LinearAgent,0.40263234388,0.39344356633022864,1.3827148101,1142.0,5,5,0,0
TemplateAgent,0.39426083190000005,0.386228929586953,1.37825026862,1470.2,5,5,0,0
StupidAgent,0.37202490654,0.36953326900769234,1.36312026726,2.0,5,5,0,0
BoulwareAgent,0.34635025098,0.33626624456615667,1.12036111896,3009.6,5,4,1,0
