,avg_utility,avg_nash_product,avg_social_welfare,avg_num_offers,count,agreement,failed,ERROR
HardlinerAgent,0.9896467134,0.34795246140974706,1.3418831496599999,3845.8,5,5,0,0
Group62Agent,0.8074985667449999,0.41715820313030666,1.3678414286975,1606.425,40,40,0,0
BoulwareAgent,0.66944385986,0.5056861879800396,1.42394258472,2661.2,5,5,0,0
TemplateAgent,0.63646348012,0.5383981059758256,1.4727483812000002,1291.0,5,5,0,0
RandomAgent,0.5632332906,0.40251788700205104,1.33601687972,1851.0,5,5,0,0
ConcederAgent,0.43165305562,0.40739552413808733,1.35516285308,727.6,5,5,0,0
LinearAgent,0.42070589452,0.39324247074104085,1.33756784976,1327.6,5,5,0,0
TimeDependentAgent,0.39957169496,0.37253971878796927,1.3122894641800003,1145.2,5,5,0,0
StupidAgent,0.37202490654,0.36953326900769234,1.36312026726,2.0,5,5,0,0
