,avg_utility,avg_nash_product,avg_social_welfare,avg_num_offers,count,agreement,failed,ERROR
HardlinerAgent,0.98787670495,0.3556288099172328,1.34729062085,3826.0,2,2,0,0
Group62Agent,0.87120048950625,0.4277648062556026,1.4068309636437502,1313.3125,16,16,0,0
RandomAgent,0.6497661895,0.4881994753944465,1.41359145215,1676.5,2,2,0,0
TimeDependentAgent,0.49237646170000005,0.477391883402275,1.46092448425,593.0,2,2,0,0
ConcederAgent,0.47834977040000004,0.4656408687756416,1.4533565781500002,208.0,2,2,0,0
LinearAgent,0.4632711905,0.4503326902691018,1.4372550900999999,708.0,2,2,0,0
TemplateAgent,0.4632711905,0.4503326902691018,1.4372550900999999,1131.0,2,2,0,0
StupidAgent,0.41970259715,0.41724878450015734,1.4116401863,2.0,2,2,0,0
BoulwareAgent,0.3304296884,0.3173432475168638,1.29333420725,2362.0,2,2,0,0
