,avg_utility,avg_nash_product,avg_social_welfare,avg_num_offers,count,agreement,failed,ERROR
HardlinerAgent,0.98787670495,0.3556288099172328,1.34729062085,4003.0,2,2,0,0
Group62Agent,0.8735782308375,0.42784007952013675,1.40660051484375,1452.0,16,16,0,0
RandomAgent,0.63888489865,0.5008354506431033,1.43049045975,1936.5,2,2,0,0
LinearAgent,0.47834977040000004,0.4656408687756416,1.4533565781500002,896.0,2,2,0,0
TimeDependentAgent,0.47834977040000004,0.4656408687756416,1.4533565781500002,736.5,2,2,0,0
ConcederAgent,0.4772978818,0.4620837048957352,1.4448229962,283.0,2,2,0,0
TemplateAgent,0.4632711905,0.4503326902691018,1.4372550900999999,1179.0,2,2,0,0
StupidAgent,0.41970259715,0.41724878450015734,1.4116401863,2.0,2,2,0,0
BoulwareAgent,0.32044545820000003,0.3053094583844802,1.2745916092499998,2580.0,2,2,0,0
