,avg_utility,avg_nash_product,avg_social_welfare,avg_num_offers,count,agreement,failed,ERROR
HardlinerAgent,0.9896467134,0.34795246140974706,1.3418831496599999,4389.0,5,5,0,0
Group62Agent,0.8317420572425,0.40115712196335823,1.36579049408,1948.05,40,40,0,0
TemplateAgent,0.78450065728,0.5359342058674427,1.4957083124600001,1395.4,5,5,0,0
RandomAgent,0.52569233282,0.42922175744497704,1.34266709366,2777.8,5,5,0,0
TimeDependentAgent,0.40866883392000003,0.3994558152349972,1.38841240944,1507.2,5,5,0,0
ConcederAgent,0.4040446946799999,0.3937355169576036,1.37719300746,872.8,5,5,0,0
LinearAgent,0.40237085742000006,0.3919880435149242,1.37466424028,1592.8,5,5,0,0
BoulwareAgent,0.38543849864,0.3414359062694826,1.24267547242,3047.4,5,5,0,0
StupidAgent,0.37202490654,0.36953326900769234,1.36312026726,2.0,5,5,0,0
