,avg_utility,avg_nash_product,avg_social_welfare,avg_num_offers,count,agreement,failed,ERROR
Group62Agent,0.8025312675275001,0.3522247986401811,1.2343023069049999,1880.025,40,36,4,0
HardlinerAgent,0.7896467134,0.26663041336974713,1.0605611016199998,5311.2,5,4,1,0
RandomAgent,0.42084993279999994,0.3537907493215545,1.08887754266,2349.2,5,4,1,0
ConcederAgent,0.40829882204,0.3973997309463292,1.3806523383400002,483.6,5,5,0,0
TimeDependentAgent,0.40263740196000003,0.39333254383238125,1.38197181422,1094.8,5,5,0,0
TemplateAgent,0.39431157546,0.3855957108502476,1.3739036303000003,1477.4,5,5,0,0
BoulwareAgent,0.37793265214,0.37142392453576833,1.3568601729600003,3235.4,5,5,0,0
StupidAgent,0.37202490654,0.36953326900769234,1.36312026726,2.0,5,5,0,0
LinearAgent,0.28846631068,0.2800920472577276,0.86847158788,1086.6,5,3,2,0
