,avg_utility,avg_nash_product,avg_social_welfare,avg_num_offers,count,agreement,failed,ERROR
TemplateAgent,0.8955670591399999,0.48678257689028814,1.4525191938599997,1043.0,5,5,0,0
HardlinerAgent,0.7899422229599999,0.30608242445446304,1.1002466657399999,3346.8,5,4,1,0
BoulwareAgent,0.7854562456,0.4507222326714153,1.3774290748999998,3031.8,5,5,0,0
Group62Agent,0.7416465978900001,0.3966238310608328,1.3067566425125,1757.225,40,38,2,0
RandomAgent,0.5237229430999999,0.4531053085044402,1.38297219258,2593.4,5,5,0,0
LinearAgent,0.40337284862,0.3855893056472564,1.3293825554199998,1755.8,5,5,0,0
TimeDependentAgent,0.40092674504000003,0.38077439540940594,1.31884883076,1470.8,5,5,0,0
StupidAgent,0.37202490654,0.36953326900769234,1.36312026726,2.0,5,5,0,0
ConcederAgent,0.34986738598,0.3404011359017004,1.12953435958,814.2,5,4,1,0
