,avg_utility,avg_nash_product,avg_social_welfare,avg_num_offers,count,agreement,failed,ERROR
HardlinerAgent,0.9896467134,0.34795246140974706,1.3418831496599999,5287.0,5,5,0,0
Group62Agent,0.869051944215,0.3813885932969573,1.3596658979275,1943.775,40,40,0,0
RandomAgent,0.65485163006,0.4732823912585807,1.3862450245400002,3135.4,5,5,0,0
ConcederAgent,0.41427951044,0.40415622108565047,1.3914395718800001,498.8,5,5,0,0
TimeDependentAgent,0.40871957748000004,0.39882259649829177,1.3840657711200002,908.4,5,5,0,0
LinearAgent,0.40866883392000003,0.3994558152349972,1.38841240944,1172.8,5,5,0,0
StupidAgent,0.37202490654,0.36953326900769234,1.36312026726,2.0,5,5,0,0
TemplateAgent,0.34524161568,0.3365835752406079,1.32168712608,1505.4,5,5,0,0
BoulwareAgent,0.33147884218,0.32132241664009065,1.3004738634400002,3040.4,5,5,0,0
