,avg_utility,avg_nash_product,avg_social_welfare,avg_num_offers,count,agreement,failed,ERROR
HardlinerAgent,0.9896467134,0.34795246140974706,1.3418831496599999,5663.0,5,5,0,0
Group62Agent,0.8596206436699999,0.3649283434320262,1.3172920276575,2038.7,40,39,1,0
RandomAgent,0.4152433085199999,0.36357590391185196,1.27024427388,2272.2,5,5,0,0
LinearAgent,0.40871957748000004,0.39882259649829177,1.3840657711200002,1494.6,5,5,0,0
TemplateAgent,0.40866377584,0.3995668377328446,1.38915540532,1641.8,5,5,0,0
TimeDependentAgent,0.40840228938,0.39811131491754015,1.3811048355,1315.6,5,5,0,0
ConcederAgent,0.40372740658,0.393024235376852,1.3742320718400003,773.2,5,5,0,0
StupidAgent,0.37202490654,0.36953326900769234,1.36312026726,2.0,5,5,0,0
BoulwareAgent,0.25494309416,0.24884012860138935,1.03453044668,3147.2,5,4,1,0
