,avg_utility,avg_nash_product,avg_social_welfare,avg_num_offers,count,agreement,failed,ERROR
HardlinerAgent,0.9896467134,0.34795246140974706,1.3418831496599999,5365.8,5,5,0,0
Group62Agent,0.858629432275,0.36929876680883605,1.3214460947774997,1926.9,40,39,1,0
RandomAgent,0.43211589704,0.37605025393231595,1.2751917245200002,2708.6,5,5,0,0
TimeDependentAgent,0.40866377584,0.3995668377328446,1.38915540532,972.4,5,5,0,0
ConcederAgent,0.40824302040000005,0.39814397218088204,1.38574197254,487.2,5,5,0,0
LinearAgent,0.40268814552,0.3926993250956758,1.3776251759,1159.6,5,5,0,0
TemplateAgent,0.39797493102,0.3886833033959315,1.3750018532200001,1545.0,5,5,0,0
StupidAgent,0.37202490654,0.36953326900769234,1.36312026726,2.0,5,5,0,0
BoulwareAgent,0.29117591026,0.28176071171559897,1.0638492098,3174.6,5,4,1,0
