,avg_utility,avg_nash_product,avg_social_welfare,avg_num_offers,count,agreement,failed,ERROR
HardlinerAgent,0.98787670495,0.3556288099172328,1.34729062085,3729.0,2,2,0,0
Group62Agent,0.87554363201875,0.41432656544182445,1.38580795835,1307.0,16,16,0,0
BoulwareAgent,0.5093167417,0.46400440748708927,1.3987431607,2402.5,2,2,0,0
TimeDependentAgent,0.47834977040000004,0.4656408687756416,1.4533565781500002,631.0,2,2,0,0
ConcederAgent,0.4772978818,0.4620837048957352,1.4448229962,214.0,2,2,0,0
TemplateAgent,0.45781636039999996,0.43463792901105985,1.41547282775,1143.0,2,2,0,0
RandomAgent,0.42132486585,0.3980247714308155,1.3218030896,1483.5,2,2,0,0
StupidAgent,0.41970259715,0.41724878450015734,1.4116401863,2.0,2,2,0,0
LinearAgent,0.3304296884,0.3173432475168638,1.29333420725,851.0,2,2,0,0
