,avg_utility,avg_nash_product,avg_social_welfare,avg_num_offers,count,agreement,failed,ERROR
HardlinerAgent,0.98787670495,0.3556288099172328,1.34729062085,3720.0,2,2,0,0
Group62Agent,0.881022341575,0.4268585887706917,1.4021409592750003,1308.625,16,16,0,0
TemplateAgent,0.6200675174,0.5833786016837201,1.560392457,1100.0,2,2,0,0
BoulwareAgent,0.47424909055,0.43957547732656804,1.3842049093500002,2298.5,2,2,0,0
LinearAgent,0.4632711905,0.4503326902691018,1.4372550900999999,835.0,2,2,0,0
ConcederAgent,0.46059090459999996,0.45434803188269146,1.44186788715,211.0,2,2,0,0
StupidAgent,0.41970259715,0.41724878450015734,1.4116401863,2.0,2,2,0,0
RandomAgent,0.41276124805,0.3970130670691984,1.3411423162,1627.5,2,2,0,0
TimeDependentAgent,0.3304296884,0.3173432475168638,1.29333420725,675.0,2,2,0,0
