,avg_utility,avg_nash_product,avg_social_welfare,avg_num_offers,count,agreement,failed,ERROR
HardlinerAgent,0.9896467134,0.34795246140974706,1.3418831496599999,3288.6,5,5,0,0
BoulwareAgent,0.89781166308,0.4462703679879601,1.40187059202,2908.6,5,5,0,0
TemplateAgent,0.8863600102,0.5113836477610156,1.4702512829,1133.4,5,5,0,0
Group62Agent,0.7628054230850001,0.39730466792871855,1.3559890450325,1568.625,40,40,0,0
LinearAgent,0.43771514850000004,0.4053628482576574,1.34191390526,1577.6,5,5,0,0
TimeDependentAgent,0.43352217994000003,0.39551432884193277,1.3190028552,1330.4,5,5,0,0
ConcederAgent,0.38520555996,0.36442468343739337,1.29455662292,896.6,5,5,0,0
StupidAgent,0.37202490654,0.36953326900769234,1.36312026726,2.0,5,5,0,0
RandomAgent,0.34318279396,0.3379957367263494,1.31531368504,1411.8,5,5,0,0
