,avg_utility,avg_nash_product,avg_social_welfare,avg_num_offers,count,agreement,failed,ERROR
HardlinerAgent,0.9896467134,0.34795246140974706,1.3418831496599999,4049.4,5,5,0,0
Group62Agent,0.8242578796250003,0.4048475949139232,1.360260826245,1911.425,40,40,0,0
TemplateAgent,0.74318422872,0.5271009156479624,1.45347827104,1407.4,5,5,0,0
BoulwareAgent,0.58589297036,0.46542323988271894,1.36792853034,3200.4,5,5,0,0
TimeDependentAgent,0.40866883392000003,0.3994558152349972,1.38841240944,1482.4,5,5,0,0
LinearAgent,0.40306413672,0.3880313774585859,1.34601284528,1673.8,5,5,0,0
ConcederAgent,0.3962575515,0.38534187099425515,1.3675099742400003,951.4,5,5,0,0
RandomAgent,0.38928423179999994,0.35594180967542643,1.2537411626999997,2524.6,5,5,0,0
StupidAgent,0.37202490654,0.36953326900769234,1.36312026726,2.0,5,5,0,0
