,avg_utility,avg_nash_product,avg_social_welfare,avg_num_offers,count,agreement,failed,ERROR
HardlinerAgent,0.98787670495,0.3556288099172328,1.34729062085,3898.0,2,2,0,0
Group62Agent,0.8631385752999999,0.4516293829020043,1.4258214061375,1366.125,16,16,0,0
RandomAgent,0.6187211895,0.471061245409927,1.38149439955,1906.5,2,2,0,0
TemplateAgent,0.59320590125,0.5602053420354106,1.53773266225,1155.0,2,2,0,0
TimeDependentAgent,0.49237646170000005,0.477391883402275,1.46092448425,564.0,2,2,0,0
LinearAgent,0.47834977040000004,0.4656408687756416,1.4533565781500002,746.5,2,2,0,0
BoulwareAgent,0.4597418675,0.42556549315564884,1.38343553435,2406.0,2,2,0,0
ConcederAgent,0.45148815425,0.4402926360197409,1.4306967834000002,251.0,2,2,0,0
StupidAgent,0.41970259715,0.41724878450015734,1.4116401863,2.0,2,2,0,0
