,avg_utility,avg_nash_product,avg_social_welfare,avg_num_offers,count,agreement,failed,ERROR
HardlinerAgent,0.9896467134,0.34795246140974706,1.3418831496599999,4465.8,5,5,0,0
Group62Agent,0.8476231951150002,0.4049069653534672,1.3655888649049999,1826.7,40,40,0,0
BoulwareAgent,0.5186772527200001,0.4320326041542846,1.34011319942,2967.6,5,5,0,0
TemplateAgent,0.5005761253400001,0.4597332550687946,1.43659804376,1427.0,5,5,0,0
RandomAgent,0.48581376848,0.410504867782743,1.3361241719399999,2528.6,5,5,0,0
TimeDependentAgent,0.4551000702,0.43254118067351144,1.3945961395,1153.0,5,5,0,0
ConcederAgent,0.42528614718,0.403895863930812,1.36717814448,775.8,5,5,0,0
LinearAgent,0.39660037446,0.38306222080015256,1.34509780322,1293.8,5,5,0,0
StupidAgent,0.37202490654,0.36953326900769234,1.36312026726,2.0,5,5,0,0
