,avg_utility,avg_nash_product,avg_social_welfare,avg_num_offers,count,agreement,failed,ERROR
HardlinerAgent,0.9896467134,0.34795246140974706,1.3418831496599999,5426.2,5,5,0,0
Group62Agent,0.87966145331,0.3794570054927259,1.3586875031674999,2030.75,40,40,0,0
RandomAgent,0.54363285076,0.4418784118582676,1.3718107071999999,3204.6,5,5,0,0
TemplateAgent,0.40866377584,0.3995668377328446,1.38915540532,1535.8,5,5,0,0
LinearAgent,0.40861214336000007,0.3991648994391467,1.38683630552,1238.2,5,5,0,0
TimeDependentAgent,0.40254347066000007,0.39173551699597225,1.37214583516,1028.4,5,5,0,0
ConcederAgent,0.37560569612000005,0.3645022308580451,1.34407449178,581.6,5,5,0,0
StupidAgent,0.37202490654,0.36953326900769234,1.36312026726,2.0,5,5,0,0
BoulwareAgent,0.33147884218,0.32132241664009065,1.3004738634400002,3229.2,5,5,0,0
