,avg_utility,avg_nash_product,avg_social_welfare,avg_num_offers,count,agreement,failed,ERROR
HardlinerAgent,0.9896467134,0.34795246140974706,1.3418831496599999,5282.2,5,5,0,0
Group62Agent,0.8752128887725,0.379728129648356,1.3573167824275,1943.9,40,40,0,0
RandomAgent,0.5414999758800001,0.41567614958123134,1.3208817108800002,3081.8,5,5,0,0
LinearAgent,0.40866883392000003,0.3994558152349972,1.38841240944,1164.8,5,5,0,0
ConcederAgent,0.40824302040000005,0.39814397218088204,1.38574197254,483.8,5,5,0,0
TimeDependentAgent,0.40268814552,0.3926993250956758,1.3776251759,949.2,5,5,0,0
TemplateAgent,0.4025807114,0.39304162803653075,1.3803957102999997,1478.2,5,5,0,0
StupidAgent,0.37202490654,0.36953326900769234,1.36312026726,2.0,5,5,0,0
BoulwareAgent,0.33147884218,0.32132241664009065,1.3004738634400002,3109.2,5,5,0,0
