,avg_utility,avg_nash_product,avg_social_welfare,avg_num_offers,count,agreement,failed,ERROR
HardlinerAgent,0.98787670495,0.3556288099172328,1.34729062085,4166.0,2,2,0,0
Group62Agent,0.8964798103687499,0.42326384992031546,1.40896868153125,1248.5625,16,16,0,0
TemplateAgent,0.5283964667500001,0.5081666702309124,1.4863298363000002,1180.0,2,2,0,0
LinearAgent,0.47834977040000004,0.4656408687756416,1.4533565781500002,812.0,2,2,0,0
ConcederAgent,0.4772978818,0.4620837048957352,1.4448229962,262.0,2,2,0,0
TimeDependentAgent,0.4772978818,0.4620837048957352,1.4448229962,595.0,2,2,0,0
StupidAgent,0.41970259715,0.41724878450015734,1.4116401863,2.0,2,2,0,0
RandomAgent,0.40055997805,0.3979150086302453,1.390152031,395.5,2,2,0,0
BoulwareAgent,0.3304296884,0.3173432475168638,1.29333420725,2576.0,2,2,0,0
