,avg_utility,avg_nash_product,avg_social_welfare,avg_num_offers,count,agreement,failed,ERROR
HardlinerAgent,0.9896467134,0.34795246140974706,1.3418831496599999,5301.4,5,5,0,0
Group62Agent,0.8885756110275,0.3823305547193632,1.3638017934774997,1948.225,40,40,0,0
ConcederAgent,0.41427951044,0.40415622108565047,1.3914395718800001,683.6,5,5,0,0
RandomAgent,0.40944740492000004,0.36004895481269483,1.2949013616200002,2445.0,5,5,0,0
TimeDependentAgent,0.40866377584,0.3995668377328446,1.38915540532,1187.6,5,5,0,0
BoulwareAgent,0.40268814552,0.3926993250956758,1.3776251759,3144.4,5,5,0,0
LinearAgent,0.40268814552,0.3926993250956758,1.3776251759,1345.6,5,5,0,0
TemplateAgent,0.40237085742000006,0.3919880435149242,1.37466424028,1476.2,5,5,0,0
StupidAgent,0.37202490654,0.36953326900769234,1.36312026726,2.0,5,5,0,0
