,avg_utility,avg_nash_product,avg_social_welfare,avg_num_offers,count,agreement,failed,ERROR
HardlinerAgent,0.98787670495,0.3556288099172328,1.34729062085,3681.0,2,2,0,0
Group62Agent,0.8826594617062498,0.411902645245801,1.3905099180875,1157.5625,16,16,0,0
TemplateAgent,0.6200675174,0.5833786016837201,1.560392457,1105.0,2,2,0,0
ConcederAgent,0.49237646170000005,0.477391883402275,1.46092448425,216.0,2,2,0,0
BoulwareAgent,0.46602153315,0.4154939670169713,1.35901851755,2390.0,2,2,0,0
StupidAgent,0.41970259715,0.41724878450015734,1.4116401863,2.0,2,2,0,0
RandomAgent,0.4158994599,0.4113926204123236,1.39814466425,345.5,2,2,0,0
LinearAgent,0.3304296884,0.3173432475168638,1.29333420725,819.0,2,2,0,0
TimeDependentAgent,0.3304296884,0.3173432475168638,1.29333420725,702.0,2,2,0,0
