,avg_utility,avg_nash_product,avg_social_welfare,avg_num_offers,count,agreement,failed,ERROR
HardlinerAgent,0.9896467134,0.34795246140974706,1.3418831496599999,3095.8,5,5,0,0
BoulwareAgent,0.9017369929000001,0.4271853491170218,1.3726564896600002,2772.2,5,5,0,0
TemplateAgent,0.8769844431799999,0.5220760706779455,1.4766358210200001,1093.0,5,5,0,0
Group62Agent,0.7453637246975,0.39990414235516947,1.3451051286675002,1642.9,40,40,0,0
LinearAgent,0.49256010938,0.44054832152476786,1.3605575790400004,1531.4,5,5,0,0
TimeDependentAgent,0.42827821355999995,0.3945819654547846,1.3107390252000002,1439.8,5,5,0,0
ConcederAgent,0.4097942546000001,0.3872252815848566,1.31849050064,963.2,5,5,0,0
StupidAgent,0.37202490654,0.36953326900769234,1.36312026726,2.0,5,5,0,0
RandomAgent,0.32690559820000004,0.3101304200645397,1.21675819686,2245.8,5,5,0,0
