,avg_utility,avg_nash_product,avg_social_welfare,avg_num_offers,count,agreement,failed,ERROR
HardlinerAgent,0.98787670495,0.3556288099172328,1.34729062085,3972.0,2,2,0,0
Group62Agent,0.8718728763125,0.3901321165968506,1.35376516198125,1398.0625,16,16,0,0
ConcederAgent,0.49237646170000005,0.477391883402275,1.46092448425,234.0,2,2,0,0
LinearAgent,0.4632711905,0.4503326902691018,1.4372550900999999,815.0,2,2,0,0
TimeDependentAgent,0.4632711905,0.4503326902691018,1.4372550900999999,605.0,2,2,0,0
StupidAgent,0.41970259715,0.41724878450015734,1.4116401863,2.0,2,2,0,0
RandomAgent,0.37776499394999996,0.3474693685155921,1.1678300077500001,1859.5,2,2,0,0
TemplateAgent,0.3304296884,0.3173432475168638,1.29333420725,1164.0,2,2,0,0
BoulwareAgent,0.32044545820000003,0.3053094583844802,1.2745916092499998,2533.0,2,2,0,0
