,avg_utility,avg_nash_product,avg_social_welfare,avg_num_offers,count,agreement,failed,ERROR
HardlinerAgent,0.98787670495,0.3556288099172328,1.34729062085,4245.0,2,2,0,0
Group62Agent,0.8877997933812499,0.3953161062327262,1.37270814830625,1465.6875,16,16,0,0
LinearAgent,0.47834977040000004,0.4656408687756416,1.4533565781500002,798.0,2,2,0,0
ConcederAgent,0.4772978818,0.4620837048957352,1.4448229962,261.0,2,2,0,0
TimeDependentAgent,0.4772978818,0.4620837048957352,1.4448229962,603.0,2,2,0,0
StupidAgent,0.41970259715,0.41724878450015734,1.4116401863,2.0,2,2,0,0
RandomAgent,0.3778826265,0.3651564818435803,1.29306339425,1963.5,2,2,0,0
BoulwareAgent,0.3304296884,0.3173432475168638,1.29333420725,2645.0,2,2,0,0
TemplateAgent,0.3304296884,0.3173432475168638,1.29333420725,1208.0,2,2,0,0
