,avg_utility,avg_nash_product,avg_social_welfare,avg_num_offers,count,agreement,failed,ERROR
HardlinerAgent,0.9896467134,0.34795246140974706,1.3418831496599999,5320.2,5,5,0,0
Group62Agent,0.88276645622,0.37923384756045325,1.3607108741924998,1899.75,40,40,0,0
RandomAgent,0.56145887172,0.46536851728706263,1.4080200432000003,2560.6,5,5,0,0
TimeDependentAgent,0.40857490262,0.3978587883985882,1.37858643038,996.0,5,5,0,0
ConcederAgent,0.40824302040000005,0.39814397218088204,1.38574197254,533.8,5,5,0,0
LinearAgent,0.40263234388,0.39344356633022864,1.3827148101,1189.2,5,5,0,0
StupidAgent,0.37202490654,0.36953326900769234,1.36312026726,2.0,5,5,0,0
TemplateAgent,0.34949574304000003,0.34024778922933346,1.32514645696,1504.2,5,5,0,0
BoulwareAgent,0.33147884218,0.32132241664009065,1.3004738634400002,3092.0,5,5,0,0
