,avg_utility,avg_nash_product,avg_social_welfare,avg_num_offers,count,agreement,failed,ERROR
HardlinerAgent,0.9896467134,0.34795246140974706,1.3418831496599999,6063.0,5,5,0,0
Group62Agent,0.8788315360875002,0.3848791299482178,1.3636081448400001,2288.95,40,40,0,0
RandomAgent,0.56941203902,0.4651377933417259,1.3908858180199999,3590.2,5,5,0,0
ConcederAgent,0.41427951044,0.40415622108565047,1.3914395718800001,601.4,5,5,0,0
TimeDependentAgent,0.40857490262,0.3978587883985882,1.37858643038,1207.8,5,5,0,0
LinearAgent,0.40247807244,0.39228989450495344,1.37606946698,1373.0,5,5,0,0
TemplateAgent,0.39431157546,0.3855957108502476,1.3739036303000003,1865.8,5,5,0,0
StupidAgent,0.37202490654,0.36953326900769234,1.36312026726,2.0,5,5,0,0
BoulwareAgent,0.3274851501,0.31650890098713724,1.29297682424,3608.4,5,5,0,0
