,avg_utility,avg_nash_product,avg_social_welfare,avg_num_offers,count,agreement,failed,ERROR
HardlinerAgent,0.98787670495,0.3556288099172328,1.34729062085,4044.0,2,2,0,0
Group62Agent,0.8700760220375,0.41215166079850263,1.3913193451312502,1415.6875,16,16,0,0
RandomAgent,0.67019076915,0.49526479450050126,1.42880658985,1764.5,2,2,0,0
ConcederAgent,0.49237646170000005,0.477391883402275,1.46092448425,277.0,2,2,0,0
TimeDependentAgent,0.49237646170000005,0.477391883402275,1.46092448425,684.0,2,2,0,0
LinearAgent,0.47834977040000004,0.4656408687756416,1.4533565781500002,881.0,2,2,0,0
StupidAgent,0.41970259715,0.41724878450015734,1.4116401863,2.0,2,2,0,0
BoulwareAgent,0.3304296884,0.3173432475168638,1.29333420725,2508.0,2,2,0,0
TemplateAgent,0.2986441313,0.2913030143730741,1.27427761015,1165.0,2,2,0,0
