,avg_utility,avg_nash_product,avg_social_welfare,avg_num_offers,count,agreement,failed,ERROR
HardlinerAgent,0.98787670495,0.3556288099172328,1.34729062085,3944.0,2,2,0,0
Group62Agent,0.8867465406125001,0.417710087920779,1.397212297675,1361.0625,16,16,0,0
RandomAgent,0.48341656935,0.43727177895606184,1.3535138945,1734.5,2,2,0,0
ConcederAgent,0.47834977040000004,0.4656408687756416,1.4533565781500002,235.0,2,2,0,0
TimeDependentAgent,0.47834977040000004,0.4656408687756416,1.4533565781500002,551.0,2,2,0,0
LinearAgent,0.4632711905,0.4503326902691018,1.4372550900999999,757.0,2,2,0,0
TemplateAgent,0.44232976535,0.43257365465553116,1.4279512261,1176.0,2,2,0,0
StupidAgent,0.41970259715,0.41724878450015734,1.4116401863,2.0,2,2,0,0
BoulwareAgent,0.3304296884,0.3173432475168638,1.29333420725,2489.0,2,2,0,0
