,avg_utility,avg_nash_product,avg_social_welfare,avg_num_offers,count,agreement,failed,ERROR
HardlinerAgent,0.9896467134,0.34795246140974706,1.3418831496599999,3101.2,5,5,0,0
BoulwareAgent,0.8154106091000001,0.5005086006793125,1.42042308164,2513.8,5,5,0,0
Group62Agent,0.7587764911000002,0.42311362159465815,1.3565996454850002,1474.275,40,40,0,0
TemplateAgent,0.6615249382,0.5005758418742976,1.4345566885999999,1326.2,5,5,0,0
RandomAgent,0.56471118618,0.3950493669343587,1.2319966991,1945.2,5,5,0,0
LinearAgent,0.49534005521999996,0.44132119272570136,1.3543536445000002,1262.6,5,5,0,0
TimeDependentAgent,0.47540113886,0.44162941766731106,1.3760802371400003,991.0,5,5,0,0
ConcederAgent,0.40852568757999996,0.3883388224588445,1.33038339598,652.2,5,5,0,0
StupidAgent,0.37202490654,0.36953326900769234,1.36312026726,2.0,5,5,0,0
