,avg_utility,avg_nash_product,avg_social_welfare,avg_num_offers,count,agreement,failed,ERROR
HardlinerAgent,0.9896467134,0.34795246140974706,1.3418831496599999,5367.0,5,5,0,0
Group62Agent,0.891021353045,0.3876393634365519,1.37192476112,2038.05,40,40,0,0
RandomAgent,0.44269601989999996,0.39100618778534696,1.3522644237399999,2841.0,5,5,0,0
ConcederAgent,0.4142228198800001,0.40386530528979997,1.3898634679600002,747.0,5,5,0,0
LinearAgent,0.40871957748000004,0.39882259649829177,1.3840657711200002,1400.8,5,5,0,0
TimeDependentAgent,0.40871957748000004,0.39882259649829177,1.3840657711200002,1224.4,5,5,0,0
TemplateAgent,0.4085095044,0.39841316590756937,1.3825100622000002,1498.2,5,5,0,0
BoulwareAgent,0.40268814552,0.3926993250956758,1.3776251759,3224.0,5,5,0,0
StupidAgent,0.37202490654,0.36953326900769234,1.36312026726,2.0,5,5,0,0
