,avg_utility,avg_nash_product,avg_social_welfare,avg_num_offers,count,agreement,failed,ERROR
Group62Agent,0.814577968515,0.33974668345242726,1.2172528773499998,1931.65,40,36,4,0
HardlinerAgent,0.59054707898,0.21525362335045747,0.8098523417799999,4903.8,5,3,2,0
RandomAgent,0.41330593302,0.33424518999968056,1.04182003394,2605.2,5,4,1,0
LinearAgent,0.4085095044,0.39841316590756937,1.3825100622000002,1447.6,5,5,0,0
ConcederAgent,0.4040446946799999,0.3937355169576036,1.37719300746,711.2,5,5,0,0
TimeDependentAgent,0.40268814552,0.3926993250956758,1.3776251759,1219.2,5,5,0,0
StupidAgent,0.37202490654,0.36953326900769234,1.36312026726,2.0,5,5,0,0
BoulwareAgent,0.34955154468,0.3395035479947806,1.3200568227600002,3237.6,5,5,0,0
TemplateAgent,0.28072746286,0.2745898293059575,1.0658453075,1326.6,5,4,1,0
