,avg_utility,avg_nash_product,avg_social_welfare,avg_num_offers,count,agreement,failed,ERROR
HardlinerAgent,0.9896467134,0.34795246140974706,1.3418831496599999,5240.6,5,5,0,0
Group62Agent,0.818622191245,0.3572636022397987,1.2814133731150001,2169.025,40,38,2,0
RandomAgent,0.57274368934,0.41827504615610234,1.3001720279,2992.2,5,5,0,0
ConcederAgent,0.40824807848000005,0.3980329496830346,1.38499897666,974.4,5,5,0,0
LinearAgent,0.40268814552,0.3926993250956758,1.3776251759,1705.4,5,5,0,0
TimeDependentAgent,0.40268814552,0.3926993250956758,1.3776251759,1425.6,5,5,0,0
StupidAgent,0.37202490654,0.36953326900769234,1.36312026726,2.0,5,5,0,0
TemplateAgent,0.33440809600000004,0.3247362328039912,1.3020542332400002,1529.4,5,5,0,0
BoulwareAgent,0.21988168016,0.21418020866646956,0.8038279784,3482.6,5,3,2,0
