,avg_utility,avg_nash_product,avg_social_welfare,avg_num_offers,count,agreement,failed,ERROR
HardlinerAgent,0.98787670495,0.3556288099172328,1.34729062085,3807.0,2,2,0,0
Group62Agent,0.8567250654749998,0.42792365474550315,1.3974809738812501,1363.9375,16,16,0,0
RandomAgent,0.61604094935,0.4753100645004583,1.3879957168,1847.5,2,2,0,0
TemplateAgent,0.5963385386,0.5521081498873857,1.52330483265,1152.0,2,2,0,0
ConcederAgent,0.49237646170000005,0.477391883402275,1.46092448425,186.0,2,2,0,0
TimeDependentAgent,0.4772978818,0.4620837048957352,1.4448229962,569.0,2,2,0,0
StupidAgent,0.41970259715,0.41724878450015734,1.4116401863,2.0,2,2,0,0
BoulwareAgent,0.4059844453,0.3662745933439168,1.31053474675,2447.0,2,2,0,0
LinearAgent,0.3304296884,0.3173432475168638,1.29333420725,901.0,2,2,0,0
