,avg_utility,avg_nash_product,avg_social_welfare,avg_num_offers,count,agreement,failed,ERROR
HardlinerAgent,0.9896467134,0.34795246140974706,1.3418831496599999,5349.4,5,5,0,0
Group62Agent,0.87782090134,0.38315883009324014,1.3636458457249998,1911.775,40,40,0,0
RandomAgent,0.5756816195,0.44847277038734257,1.3850516564800002,2607.4,5,5,0,0
ConcederAgent,0.41007612664000004,0.39985878836021954,1.3836336026800002,518.8,5,5,0,0
TimeDependentAgent,0.40268814552,0.3926993250956758,1.3776251759,945.2,5,5,0,0
TemplateAgent,0.40263234388,0.39344356633022864,1.3827148101,1543.4,5,5,0,0
LinearAgent,0.40237085742000006,0.3919880435149242,1.37466424028,1163.6,5,5,0,0
StupidAgent,0.37202490654,0.36953326900769234,1.36312026726,2.0,5,5,0,0
BoulwareAgent,0.33147884218,0.32132241664009065,1.3004738634400002,3164.4,5,5,0,0
