,avg_utility,avg_nash_product,avg_social_welfare,avg_num_offers,count,agreement,failed,ERROR
HardlinerAgent,0.9896467134,0.34795246140974706,1.3418831496599999,5358.2,5,5,0,0
Group62Agent,0.8759618042225001,0.3815003879191997,1.35759688985,1982.375,40,40,0,0
RandomAgent,0.51965432686,0.4104492445097304,1.29713504648,3174.2,5,5,0,0
ConcederAgent,0.41427445236000005,0.4042672435834979,1.3921825677600002,502.4,5,5,0,0
LinearAgent,0.40866883392000003,0.3994558152349972,1.38841240944,1192.0,5,5,0,0
TimeDependentAgent,0.40866883392000003,0.3994558152349972,1.38841240944,983.2,5,5,0,0
TemplateAgent,0.40866377584,0.3995668377328446,1.38915540532,1507.0,5,5,0,0
StupidAgent,0.37202490654,0.36953326900769234,1.36312026726,2.0,5,5,0,0
BoulwareAgent,0.33147884218,0.32132241664009065,1.3004738634400002,3140.0,5,5,0,0
