,avg_utility,avg_nash_product,avg_social_welfare,avg_num_offers,count,agreement,failed,ERROR
HardlinerAgent,0.9896467134,0.34795246140974706,1.3418831496599999,3347.4,5,5,0,0
TemplateAgent,0.8961163617200001,0.4948317487807807,1.4546868987000001,1146.2,5,5,0,0
BoulwareAgent,0.8756718281200001,0.4380843704789192,1.3853097328400001,2932.6,5,5,0,0
Group62Agent,0.7560308840650002,0.40886696331451067,1.3667728498550002,1698.075,40,40,0,0
RandomAgent,0.49687737855999997,0.4299224180051334,1.3505601034999999,2278.6,5,5,0,0
TimeDependentAgent,0.43751776428000005,0.41357220001469647,1.3652091128800001,1384.2,5,5,0,0
ConcederAgent,0.4150149571,0.3964129829005257,1.33885031308,877.0,5,5,0,0
LinearAgent,0.4030658166,0.38062625591859056,1.3345632209199998,1616.6,5,5,0,0
StupidAgent,0.37202490654,0.36953326900769234,1.36312026726,2.0,5,5,0,0
