,avg_utility,avg_nash_product,avg_social_welfare,avg_num_offers,count,agreement,failed,ERROR
HardlinerAgent,0.9896467134,0.34795246140974706,1.3418831496599999,3121.4,5,5,0,0
BoulwareAgent,0.8976371369799999,0.42969636659976407,1.3758425019,2760.6,5,5,0,0
TemplateAgent,0.8954634555800001,0.5021858965296104,1.4615817930000001,1153.0,5,5,0,0
Group62Agent,0.7459439052525,0.40566894974506446,1.3573121660450005,1642.425,40,40,0,0
LinearAgent,0.46344143296,0.42067991514101405,1.3492945334000002,1557.8,5,5,0,0
RandomAgent,0.4410612675,0.39655577350419186,1.33023070966,2133.0,5,5,0,0
TimeDependentAgent,0.43898304614,0.40418027821138675,1.3207363506,1421.0,5,5,0,0
ConcederAgent,0.39268812724,0.3745676375571102,1.31580802288,990.6,5,5,0,0
StupidAgent,0.37202490654,0.36953326900769234,1.36312026726,2.0,5,5,0,0
