,avg_utility,avg_nash_product,avg_social_welfare,avg_num_offers,count,agreement,failed,ERROR
HardlinerAgent,0.9896467134,0.34795246140974706,1.3418831496599999,4840.6,5,5,0,0
Group62Agent,0.8500435707349998,0.3680284832880946,1.3133608702125,1793.225,40,39,1,0
TemplateAgent,0.46541987862,0.44440056754397944,1.4170493098,1429.0,5,5,0,0
BoulwareAgent,0.41245749346,0.3759412539043365,1.1327231848600001,3100.8,5,4,1,0
ConcederAgent,0.39451932188,0.37933968956282277,1.34402056616,791.6,5,5,0,0
LinearAgent,0.3817594185,0.36239538490241213,1.31943212306,1314.0,5,5,0,0
StupidAgent,0.37202490654,0.36953326900769234,1.36312026726,2.0,5,5,0,0
RandomAgent,0.36321231098,0.3496734611041726,1.3055123495199998,1621.8,5,5,0,0
TimeDependentAgent,0.32749835244000003,0.31499177886959356,1.28314601138,1246.0,5,5,0,0
