,avg_utility,avg_nash_product,avg_social_welfare,avg_num_offers,count,agreement,failed,ERROR
HardlinerAgent,0.9896467134,0.34795246140974706,1.3418831496599999,5612.6,5,5,0,0
Group62Agent,0.8199413126999999,0.3492839166143906,1.2758219305075003,2207.9,40,38,2,0
RandomAgent,0.5058116862200001,0.34250923789910237,1.23840298422,3049.8,5,5,0,0
TimeDependentAgent,0.40861214336000007,0.3991648994391467,1.38683630552,1473.6,5,5,0,0
LinearAgent,0.4085095044,0.39841316590756937,1.3825100622000002,1612.0,5,5,0,0
ConcederAgent,0.40819138792,0.3977420338871841,1.38342287274,995.0,5,5,0,0
StupidAgent,0.37202490654,0.36953326900769234,1.36312026726,2.0,5,5,0,0
TemplateAgent,0.31870881770000004,0.31165056461712765,1.2979408588,1509.4,5,5,0,0
BoulwareAgent,0.23553978292000002,0.22730570074755482,0.81245894366,3408.8,5,3,2,0
