,avg_utility,avg_nash_product,avg_social_welfare,avg_num_offers,count,agreement,failed,ERROR
HardlinerAgent,0.9749013183499999,0.3061600376633885,1.28894499425,4337.0,2,2,0,0
Group62Agent,0.89494230569375,0.4064353464744741,1.3929951564500003,1278.0625,16,16,0,0
ConcederAgent,0.49237646170000005,0.477391883402275,1.46092448425,272.0,2,2,0,0
LinearAgent,0.4772978818,0.4620837048957352,1.4448229962,859.0,2,2,0,0
TimeDependentAgent,0.4632711905,0.4503326902691018,1.4372550900999999,743.0,2,2,0,0
StupidAgent,0.41970259715,0.41724878450015734,1.4116401863,2.0,2,2,0,0
RandomAgent,0.4158994599,0.4113926204123236,1.39814466425,309.5,2,2,0,0
TemplateAgent,0.41054420825,0.4095298031359476,1.408894629,1168.0,2,2,0,0
BoulwareAgent,0.3304296884,0.3173432475168638,1.29333420725,2534.0,2,2,0,0
