,avg_utility,avg_nash_product,avg_social_welfare,avg_num_offers,count,agreement,failed,ERROR
HardlinerAgent,0.9896467134,0.34795246140974706,1.3418831496599999,5553.0,5,5,0,0
Group62Agent,0.8839055911300002,0.38030129312234295,1.3607334735749999,1956.45,40,40,0,0
RandomAgent,0.49723558542,0.42100205389857626,1.3626111933799998,2553.0,5,5,0,0
TimeDependentAgent,0.40871957748000004,0.39882259649829177,1.3840657711200002,1026.0,5,5,0,0
TemplateAgent,0.40857490262,0.3978587883985882,1.37858643038,1586.6,5,5,0,0
ConcederAgent,0.40824807848000005,0.3980329496830346,1.38499897666,499.8,5,5,0,0
LinearAgent,0.40268814552,0.3926993250956758,1.3776251759,1259.2,5,5,0,0
StupidAgent,0.37202490654,0.36953326900769234,1.36312026726,2.0,5,5,0,0
BoulwareAgent,0.3274851501,0.31650890098713724,1.29297682424,3172.0,5,5,0,0
