,avg_utility,avg_nash_product,avg_social_welfare,avg_num_offers,count,agreement,failed,ERROR
HardlinerAgent,0.9896467134,0.34795246140974706,1.3418831496599999,5329.4,5,5,0,0
Group62Agent,0.8894486330549999,0.3794818144617399,1.3626270764450001,1905.725,40,40,0,0
RandomAgent,0.48898626124,0.4326462238915349,1.3895975919599999,2627.8,5,5,0,0
TimeDependentAgent,0.40861214336000007,0.3991648994391467,1.38683630552,998.4,5,5,0,0
LinearAgent,0.40237085742000006,0.3919880435149242,1.37466424028,1188.8,5,5,0,0
TemplateAgent,0.39832658404,0.3893774140478051,1.37693637942,1485.0,5,5,0,0
ConcederAgent,0.39797493102,0.3886833033959315,1.3750018532200001,490.0,5,5,0,0
StupidAgent,0.37202490654,0.36953326900769234,1.36312026726,2.0,5,5,0,0
BoulwareAgent,0.3274851501,0.31650890098713724,1.29297682424,3124.4,5,5,0,0
