,avg_utility,avg_nash_product,avg_social_welfare,avg_num_offers,count,agreement,failed,ERROR
HardlinerAgent,0.98787670495,0.3556288099172328,1.34729062085,4152.0,2,2,0,0
Group62Agent,0.8990350456874998,0.4222783690354631,1.4095457296812501,1420.8125,16,16,0,0
ConcederAgent,0.49237646170000005,0.477391883402275,1.46092448425,231.0,2,2,0,0
TimeDependentAgent,0.47834977040000004,0.4656408687756416,1.4533565781500002,616.0,2,2,0,0
LinearAgent,0.4632711905,0.4503326902691018,1.4372550900999999,787.0,2,2,0,0
RandomAgent,0.46059090459999996,0.45434803188269146,1.44186788715,1883.5,2,2,0,0
TemplateAgent,0.45148815425,0.4402926360197409,1.4306967834000002,1140.0,2,2,0,0
StupidAgent,0.41970259715,0.41724878450015734,1.4116401863,2.0,2,2,0,0
BoulwareAgent,0.3304296884,0.3173432475168638,1.29333420725,2555.0,2,2,0,0
