,avg_utility,avg_nash_product,avg_social_welfare,avg_num_offers,count,agreement,failed,ERROR
HardlinerAgent,0.9896467134,0.34795246140974706,1.3418831496599999,3718.2,5,5,0,0
TemplateAgent,0.8863600102,0.5113836477610156,1.4702512829,1289.4,5,5,0,0
Group62Agent,0.787255507295,0.41029680234504584,1.364047867945,1857.9,40,40,0,0
BoulwareAgent,0.6282183609599999,0.4513212527647341,1.3289759944,3280.6,5,5,0,0
RandomAgent,0.52156257978,0.43024205638760193,1.35895405882,2504.2,5,5,0,0
TimeDependentAgent,0.40910877102,0.39261690882471534,1.3426226276400002,1483.0,5,5,0,0
ConcederAgent,0.4040446946799999,0.3937355169576036,1.37719300746,912.8,5,5,0,0
LinearAgent,0.40337284862,0.3855893056472564,1.3293825554199998,1673.0,5,5,0,0
StupidAgent,0.37202490654,0.36953326900769234,1.36312026726,2.0,5,5,0,0
