,avg_utility,avg_nash_product,avg_social_welfare,avg_num_offers,count,agreement,failed,ERROR
HardlinerAgent,0.9896467134,0.34795246140974706,1.3418831496599999,3148.6,5,5,0,0
BoulwareAgent,0.9123905044,0.42775746305679174,1.3791012137,2885.8,5,5,0,0
TemplateAgent,0.88932244318,0.5116813696723269,1.47113667414,1089.8,5,5,0,0
Group62Agent,0.7487533397625,0.41147488772234475,1.3665096114325002,1644.925,40,40,0,0
TimeDependentAgent,0.45596906502,0.41894147696705897,1.3377831589000002,1476.8,5,5,0,0
LinearAgent,0.45251828518000003,0.41559166381172014,1.35025212758,1697.6,5,5,0,0
ConcederAgent,0.43757445484,0.4140264976960604,1.3667852168000003,971.4,5,5,0,0
RandomAgent,0.43260380080000005,0.38631490015736053,1.3220150834200002,1887.4,5,5,0,0
StupidAgent,0.37202490654,0.36953326900769234,1.36312026726,2.0,5,5,0,0
