,avg_utility,avg_nash_product,avg_social_welfare,avg_num_offers,count,agreement,failed,ERROR
HardlinerAgent,0.9896467134,0.34795246140974706,1.3418831496599999,5118.2,5,5,0,0
Group62Agent,0.87487296535,0.39285000365173395,1.3701755771774997,1974.1,40,40,0,0
RandomAgent,0.54028790372,0.4374872207432034,1.37353495456,2916.2,5,5,0,0
TemplateAgent,0.45466202982,0.43664838580219933,1.41781620476,1457.8,5,5,0,0
BoulwareAgent,0.41730444365999997,0.3900246903131523,1.3501027552,3031.2,5,5,0,0
TimeDependentAgent,0.4025807114,0.39304162803653075,1.3803957102999997,1136.8,5,5,0,0
LinearAgent,0.39600535464000003,0.3896050558904583,1.3764431322800004,1357.8,5,5,0,0
ConcederAgent,0.38990883144,0.37850731801088766,1.3581084434,772.8,5,5,0,0
StupidAgent,0.37202490654,0.36953326900769234,1.36312026726,2.0,5,5,0,0
